area_list,tags_list,name,description,url,category,address,access,business_hours,regular_holidays,price,phone_no,if_reservation_needed
北海道,遊園地・レジャー施設,ファミリーランドみかさ遊園,混雑する時間の目安,https://www.walkerplus.com/spot/ar0101s383001/    ,遊ぶ,    北海道三笠市西桂沢57[地図],    【車】道央自動車道三笠ICから約25分,    9:00～17:00,    冬期休業あり(11月1日～4月下旬),入場無料。 ゴーカート (身長制限あり)320円、バッテリーカー100円、ストライダー210円。じゃぶじゃぶ池・バーベキュー施設使用無料, 01267-6-8000 ファミリーランドみかさ遊園,
北海道,遊園地・レジャー施設,ファミリーランドみかさ遊園,混雑する時間の目安,https://www.walkerplus.com/spot/ar0101s383001/    ,遊ぶ,    北海道三笠市西桂沢57[地図],    【車】道央自動車道三笠ICから約25分,    9:00～17:00,    冬期休業あり(11月1日～4月下旬),入場無料。 ゴーカート (身長制限あり)320円、バッテリーカー100円、ストライダー210円。じゃぶじゃぶ池・バーベキュー施設使用無料, 01267-6-8000 ファミリーランドみかさ遊園,
関東,遊園地・レジャー施設,るなぱあく,1回10円の木馬が人気,https://www.walkerplus.com/spot/ar0310s14590/    ,遊ぶ,    群馬県前橋市大手町3-16-3[地図],    【電車】JR前橋駅からバスで前橋公園または前橋公園前下車徒歩3分【車】関越自動車道前橋ICから約15分,    3～10月9:30～17:00、11～2月9:30～16:00,    火曜。春休み、夏休みは営業。火曜が祝日の場合は翌日に振替,入場無料。 遊器具利用券(有効期限有）1枚50円、11枚綴り500円。, 027-231-6774,
群馬県,遊園地・レジャー施設,るなぱあく,1回10円の木馬が人気,https://www.walkerplus.com/spot/ar0310s14590/    ,遊ぶ,    群馬県前橋市大手町3-16-3[地図],    【電車】JR前橋駅からバスで前橋公園または前橋公園前下車徒歩3分【車】関越自動車道前橋ICから約15分,    3～10月9:30～17:00、11～2月9:30～16:00,    火曜。春休み、夏休みは営業。火曜が祝日の場合は翌日に振替,入場無料。 遊器具利用券(有効期限有）1枚50円、11枚綴り500円。, 027-231-6774,
関西,遊園地・レジャー施設,天橋立ビューランド,モノレールかリフト利用で行く展望遊園地,https://www.walkerplus.com/spot/ar0726s14605/    ,遊ぶ,    京都府宮津市字文珠437[地図],    【電車】京都丹後鉄道天橋立駅から徒歩5分 【車】京都縦貫自動車道与謝天橋立ICから約10分,    2月21日～7月20日・8月21日～10月20日 9:00～17:00／7月21日～8月20日 8:30～18:00／10月21日～2月20日 9:00～16:30    ※すべて通年,    なし,有料。 往復乗車料金(入園料含む) 大人(中学生以上)850円、 小人(小学生)450円。 大人1人につき、乳幼児1人無料、乳幼児2人目から小人料金, 0772-22-1000 (代表),
京都府,遊園地・レジャー施設,天橋立ビューランド,モノレールかリフト利用で行く展望遊園地,https://www.walkerplus.com/spot/ar0726s14605/    ,遊ぶ,    京都府宮津市字文珠437[地図],    【電車】京都丹後鉄道天橋立駅から徒歩5分 【車】京都縦貫自動車道与謝天橋立ICから約10分,    2月21日～7月20日・8月21日～10月20日 9:00～17:00／7月21日～8月20日 8:30～18:00／10月21日～2月20日 9:00～16:30    ※すべて通年,    なし,有料。 往復乗車料金(入園料含む) 大人(中学生以上)850円、 小人(小学生)450円。 大人1人につき、乳幼児1人無料、乳幼児2人目から小人料金, 0772-22-1000 (代表),
天橋立駅(京都府),遊園地・レジャー施設,天橋立ビューランド,モノレールかリフト利用で行く展望遊園地,https://www.walkerplus.com/spot/ar0726s14605/    ,遊ぶ,    京都府宮津市字文珠437[地図],    【電車】京都丹後鉄道天橋立駅から徒歩5分 【車】京都縦貫自動車道与謝天橋立ICから約10分,    2月21日～7月20日・8月21日～10月20日 9:00～17:00／7月21日～8月20日 8:30～18:00／10月21日～2月20日 9:00～16:30    ※すべて通年,    なし,有料。 往復乗車料金(入園料含む) 大人(中学生以上)850円、 小人(小学生)450円。 大人1人につき、乳幼児1人無料、乳幼児2人目から小人料金, 0772-22-1000 (代表),
関西,道の駅,神戸おとぎの国(道の駅神戸フルーツ・フラワーパーク大沢),おとぎの国のようなかわいらしい乗り物がいっぱい,https://www.walkerplus.com/spot/ar0728s14607/    ,遊ぶ,    兵庫県神戸市北区大沢町上大沢2150[地図],    【電車】神戸電鉄岡場駅から神姫バスで約15分【車】六甲北有料道路大沢ICからすぐ,    3～11月 10:00～17:00。12月・1月および2月の土・日・祝 10:00～16:00。8月の土・日・祝およびお盆期間 10:00～18:00,    火曜(祝日の場合翌日。正月、春休み、GW、夏休みを除く)、2月の平日,入場無料。 乗り物200～400円、乗り物券5枚セット1300円, 078-954-1010,
兵庫県,道の駅,神戸おとぎの国(道の駅神戸フルーツ・フラワーパーク大沢),おとぎの国のようなかわいらしい乗り物がいっぱい,https://www.walkerplus.com/spot/ar0728s14607/    ,遊ぶ,    兵庫県神戸市北区大沢町上大沢2150[地図],    【電車】神戸電鉄岡場駅から神姫バスで約15分【車】六甲北有料道路大沢ICからすぐ,    3～11月 10:00～17:00。12月・1月および2月の土・日・祝 10:00～16:00。8月の土・日・祝およびお盆期間 10:00～18:00,    火曜(祝日の場合翌日。正月、春休み、GW、夏休みを除く)、2月の平日,入場無料。 乗り物200～400円、乗り物券5枚セット1300円, 078-954-1010,
関東,道の駅,ぐりーんふらわー牧場・大胡,四季折々の花も美しい赤城山麓に広がる牧場,https://www.walkerplus.com/spot/ar0310s74040/    ,遊ぶ,    群馬県前橋市滝窪町1369-1[地図],    【電車】上毛電気鉄道大胡駅からデマンドバスで約15分 【車】北関東自動車道駒形ICまたは関越自動車道赤城ICから約30分,    常時開放。花木農産物直売所さんぽ道3～9月9:30～17:00、10～2月9:30～16:30。レストハウスまきば(管理棟及び軽食堂)3～9月10:30～16:30、10～2月10:30～15:30,    年末年始    臨時休業あり,入場無料。 バーベキュー等の利用は有料, 027-283-5792 ぐりーんふらわー牧場・大胡(レストハウスまきば),
群馬県,道の駅,ぐりーんふらわー牧場・大胡,四季折々の花も美しい赤城山麓に広がる牧場,https://www.walkerplus.com/spot/ar0310s74040/    ,遊ぶ,    群馬県前橋市滝窪町1369-1[地図],    【電車】上毛電気鉄道大胡駅からデマンドバスで約15分 【車】北関東自動車道駒形ICまたは関越自動車道赤城ICから約30分,    常時開放。花木農産物直売所さんぽ道3～9月9:30～17:00、10～2月9:30～16:30。レストハウスまきば(管理棟及び軽食堂)3～9月10:30～16:30、10～2月10:30～15:30,    年末年始    臨時休業あり,入場無料。 バーベキュー等の利用は有料, 027-283-5792 ぐりーんふらわー牧場・大胡(レストハウスまきば),
